type,prefix,name,ProductSpecifics,email,age,score
Survey,Mrs.,Kimberly Robinson,Construction Wire,sara58@example.com,59,4
Survey,Dr.,Jennifer Nelson,Bird Fence,kathleenpratt@example.org,35,5
Survey,Mrs.,Elizabeth Kemp,Construction Wire,christopher56@example.net,29,5
Survey,Ms.,Katie Sutton,Construction Wire,rmccann@example.com,47,5
Survey,Miss,Jennifer Kerr,Highway fence,chendrix@example.net,34,4
Survey,Mr.,Dillon Adams,Garden fence,monica09@example.com,29,5
Survey,Dr.,John Walsh,Highway fence,april44@example.net,64,2
Survey,Mrs.,Lisa Stevenson,Highway fence,jessica58@example.net,54,4
Survey,Mr.,Dean Richmond,Garden fence,ymiller@example.com,51,2
Survey,Mr.,Walter Blankenship,Bird Fence,zcrawford@example.org,58,4
Survey,Dr.,Sarah Mora,Chicken fence,spencercynthia@example.net,49,2
Survey,Dr.,Timothy West,Chicken fence,stephenwalsh@example.com,22,3
Survey,Mr.,Anthony Black,Highway fence,wprice@example.net,46,5
Survey,Mr.,David Shaw,Chicken fence,cindy01@example.org,54,5
Survey,Ms.,Tina Frank,Highway fence,ymyers@example.net,18,5
Survey,Dr.,Adrienne Bauer,Bird Fence,amanda00@example.org,21,1
Survey,Mr.,Paul Quinn,Construction Wire,aduffy@example.com,24,2
Survey,Mrs.,Cynthia Dean,Garden fence,matthew80@example.com,44,2
Survey,Mr.,Brett Santiago,Construction Wire,jenkinsmichael@example.net,64,5
Survey,Mr.,Christopher Rivera,Construction Wire,shannon28@example.org,54,2
Survey,Mrs.,Evelyn Wright,Garden fence,youngrichard@example.net,28,4
Survey,Dr.,Hannah Ward,Chicken fence,heidiorozco@example.com,26,3
Survey,Mrs.,Karen Madden,Construction Wire,kimberlyperez@example.com,29,2
Survey,Mrs.,Maureen Olson,Highway fence,wilcoxjoseph@example.org,43,1
Survey,Dr.,James Martinez,Chicken fence,jillianreeves@example.com,35,4
Survey,Dr.,Kimberly Parker,Bird Fence,karl67@example.net,59,2
Survey,Mrs.,Megan Young,Chicken fence,glennjones@example.org,29,4
Survey,Dr.,Stephanie Mclean,Bird Fence,alisonjohnson@example.net,45,3
Survey,Mr.,Ryan Hall,Chicken fence,qtaylor@example.com,56,2
Survey,Dr.,Alexander Moore Jr.,Construction Wire,kiara11@example.net,23,1
Survey,Dr.,Sandra Lee,Chicken fence,youngconnor@example.net,43,4
Survey,Dr.,Alexis Flores,Chicken fence,ibarralisa@example.net,23,3
Survey,Dr.,Angela Crawford,Bird Fence,mcfarlandchris@example.net,52,5
Survey,Mrs.,Michele Crawford,Garden fence,james79@example.net,56,1
Survey,Mrs.,Caitlin Taylor,Construction Wire,santosmichelle@example.org,58,3
Survey,Mrs.,Courtney Nguyen,Bird Fence,jamesdavid@example.org,63,2
Survey,Mr.,Bryce Peters,Bird Fence,samuelaguirre@example.org,31,2
Survey,Dr.,Charles Lawrence,Chicken fence,sean02@example.com,22,1
Survey,Mrs.,Stephanie Branch,Construction Wire,franciscopowell@example.com,30,2
Survey,Mr.,Nicholas Moore,Highway fence,teresabush@example.com,51,3
Survey,Mr.,Anthony Colon,Bird Fence,julian57@example.net,38,5
Survey,Miss,Yvonne Berry,Highway fence,masontammy@example.net,21,1
Survey,Mrs.,Emma Kelly,Garden fence,oschmitt@example.net,41,5
Survey,Mr.,Randall Watkins,Chicken fence,hawkinssheila@example.com,29,4
Survey,Mr.,Todd Ball,Chicken fence,douglassabrina@example.org,21,3
Survey,Mr.,Joshua Henderson,Highway fence,leekevin@example.net,21,5
Survey,Dr.,Anita Fischer,Highway fence,lwatson@example.com,25,2
Survey,Miss,Linda Nichols,Garden fence,fcastillo@example.net,35,3
Survey,Dr.,Wendy Smith,Chicken fence,williamgarcia@example.com,58,5
Survey,Mr.,Jeffrey Paul,Bird Fence,ptorres@example.net,62,2
Survey,Mr.,Joshua Delacruz,Bird Fence,ebrown@example.org,27,5
Survey,Dr.,David Smith,Garden fence,vanessanewton@example.com,26,3
Survey,Mr.,Alan Sanders,Highway fence,youngangela@example.net,58,2
Survey,Mr.,Oscar Soto,Bird Fence,sharoncordova@example.com,33,4
Survey,Dr.,Dakota Lee,Garden fence,coxwilliam@example.net,42,5
Survey,Dr.,Robert Perkins,Construction Wire,carlos64@example.org,34,3
Survey,Mrs.,Mallory Guerrero,Chicken fence,felicia15@example.org,50,4
Survey,Mr.,Hector Wall,Highway fence,dnguyen@example.org,41,3
Survey,Miss,Tina Coleman,Highway fence,ymueller@example.net,38,5
Survey,Dr.,Jose Villegas,Highway fence,roysmall@example.org,61,4
Survey,Dr.,Amanda Lambert,Garden fence,johncaldwell@example.com,46,4
Survey,Mr.,Alexander Ritter,Garden fence,travishayes@example.net,33,1
Survey,Dr.,Patty Russell,Garden fence,howardjason@example.net,38,4
Survey,Dr.,Douglas Campbell,Garden fence,kparks@example.com,53,3
Survey,Miss,Jamie Moore,Garden fence,stephensawyer@example.com,56,1
Survey,Dr.,Yolanda Gibson,Bird Fence,samanthatorres@example.com,54,4
Survey,Dr.,Adam Miller,Chicken fence,andersonchristina@example.net,20,5
Survey,Mrs.,Denise Dominguez,Chicken fence,emilygonzalez@example.com,64,4
Survey,Mr.,Matthew Carroll,Highway fence,sdean@example.org,58,3
Survey,Mr.,William Harvey,Highway fence,manningscott@example.com,23,2
Survey,Mrs.,Denise Huynh,Bird Fence,david40@example.org,41,5
Survey,Dr.,Marcus Miles,Bird Fence,cheryllara@example.com,62,3
Survey,Mrs.,Olivia Smith,Highway fence,latoyagraham@example.com,34,1
Survey,Miss,Jenny Schultz,Bird Fence,mnelson@example.net,36,5
Survey,Mrs.,Shannon Smith,Bird Fence,xwarren@example.org,19,2
Survey,Mr.,Francisco Beck,Garden fence,tprice@example.com,30,5
Survey,Mr.,Ronald Mclean,Bird Fence,xcooper@example.net,30,4
Survey,Mr.,Corey Henderson,Chicken fence,nramos@example.com,31,1
Survey,Mr.,Scott House,Garden fence,kenneth43@example.com,57,4
Survey,Mr.,Tyler Fuller,Construction Wire,kbailey@example.org,22,4
Survey,Mrs.,Michelle Reed,Garden fence,qwilliams@example.com,57,2
Survey,Mr.,Vincent Alexander,Highway fence,prodriguez@example.org,56,1
Survey,Mr.,Jay Crawford,Bird Fence,brianna22@example.com,61,5
Survey,Mrs.,Courtney Chavez,Garden fence,braunjill@example.org,56,5
Survey,Dr.,Brenda Miller,Highway fence,ymeyer@example.net,59,1
Survey,Mrs.,Cassie Brown,Bird Fence,pamelamarsh@example.net,50,5
Survey,Dr.,Zachary Gillespie,Bird Fence,laura65@example.net,65,2
Survey,Mrs.,Natasha Brown,Garden fence,hsawyer@example.net,52,1
Survey,Mrs.,Megan Martinez,Chicken fence,tara13@example.com,22,1
Survey,Mr.,Tanner Fernandez,Chicken fence,scott09@example.net,51,5
Survey,Mr.,Don Schmitt,Highway fence,richmondemily@example.com,24,3
Survey,Miss,Lynn Sanchez,Bird Fence,rileybrenda@example.net,55,2
Survey,Mr.,Roger Simpson,Chicken fence,christopherconley@example.net,51,4
Survey,Mrs.,Carol Bass,Chicken fence,rodriguezmichael@example.com,53,1
Survey,Dr.,Greg Miller,Highway fence,baxterjulia@example.org,35,4
Survey,Dr.,Theresa Sanchez,Bird Fence,kenneth68@example.net,58,2
Survey,Miss,Michelle Wilkinson,Construction Wire,kennethnelson@example.net,25,4
Survey,Mr.,John Morrison,Bird Fence,qdyer@example.com,63,3
Survey,Dr.,Charles Reese,Highway fence,foleybrenda@example.org,20,4
Survey,Mr.,Casey Garcia,Bird Fence,tonyagaines@example.org,61,5
